<?xml version="1.0" encoding="UTF-8"?>
<!DOCTYPE why3session PUBLIC "-//Why3//proof session v5//EN"
"http://why3.lri.fr/why3session.dtd">
<why3session shape_version="6">
<prover id="0" name="Z3" version="4.8.6" timelimit="1" steplimit="0" memlimit="1000"/>
<prover id="1" name="Alt-Ergo" version="2.3.1" timelimit="1" steplimit="0" memlimit="1000"/>
<prover id="2" name="CVC4" version="1.7" timelimit="1" steplimit="0" memlimit="1000"/>
<file format="whyml">
<path name=".."/><path name="impv2.why"/>
<theory name="Exprs">
 <goal name="Test13" proved="true">
 <proof prover="2"><result status="valid" time="0.05" steps="5408"/></proof>
 </goal>
 <goal name="Test42" proved="true">
 <proof prover="2"><result status="valid" time="0.05" steps="5596"/></proof>
 </goal>
 <goal name="Test55" proved="true">
 <proof prover="2"><result status="valid" time="0.05" steps="6099"/></proof>
 </goal>
 <goal name="TesteDiv" proved="true">
 <proof prover="2"><result status="valid" time="0.08" steps="17780"/></proof>
 </goal>
 <goal name="DivFalse">
 <proof prover="0"><result status="timeout" time="1.00" steps="11559298"/></proof>
 <proof prover="1"><result status="timeout" time="1.00"/></proof>
 <proof prover="2"><result status="unknown" time="0.11" steps="15488"/></proof>
 </goal>
 <goal name="TesteInc" proved="true">
 <proof prover="2"><result status="valid" time="0.09" steps="6096"/></proof>
 </goal>
 <goal name="TesteIncv2" proved="true">
 <proof prover="2"><result status="valid" time="0.04" steps="6098"/></proof>
 </goal>
 <goal name="TesteIncFalse">
 <proof prover="0"><result status="timeout" time="1.00" steps="11220141"/></proof>
 <proof prover="1"><result status="timeout" time="1.00"/></proof>
 <proof prover="2"><result status="unknown" time="0.09" steps="12190"/></proof>
 </goal>
 <goal name="Test13r" proved="true">
 <proof prover="2"><result status="valid" time="0.05" steps="6367"/></proof>
 </goal>
 <goal name="Test42r" proved="true">
 <proof prover="2"><result status="valid" time="0.05" steps="6568"/></proof>
 </goal>
 <goal name="Test55r" proved="true">
 <proof prover="0"><result status="timeout" time="1.00" steps="1277410"/></proof>
 <proof prover="1"><result status="timeout" time="1.00"/></proof>
 <proof prover="2"><result status="timeout" time="1.00" steps="85997"/></proof>
 <transf name="split_vc" proved="true" >
  <goal name="Test55r.0" proved="true">
  <proof prover="0"><result status="timeout" time="1.00" steps="1382955"/></proof>
  <proof prover="1"><result status="timeout" time="1.00"/></proof>
  <proof prover="2"><result status="timeout" time="1.00" steps="83971"/></proof>
  <transf name="assert" proved="true" arg1="(eval_expr_rel s (Evar x) s 42)">
   <goal name="Test55r.0.0" expl="asserted formula" proved="true">
   <proof prover="2"><result status="valid" time="0.03" steps="6568"/></proof>
   </goal>
   <goal name="Test55r.0.1" proved="true">
   <proof prover="0" obsolete="true"><result status="unknown" time="0.06" steps="73384"/></proof>
   <proof prover="1" obsolete="true"><result status="timeout" time="1.00"/></proof>
   <proof prover="2" obsolete="true"><result status="unknown" time="0.09" steps="16677"/></proof>
   <transf name="assert" proved="true" arg1="(eval_expr_rel s (Econst 13) s 13)">
    <goal name="Test55r.0.1.0" expl="asserted formula" proved="true">
    <proof prover="2"><result status="valid" time="0.03" steps="6404"/></proof>
    </goal>
    <goal name="Test55r.0.1.1" proved="true">
    <proof prover="0" obsolete="true"><result status="unknown" time="0.06" steps="76028"/></proof>
    <proof prover="1" obsolete="true"><result status="timeout" time="1.00"/></proof>
    <proof prover="2"><result status="valid" time="0.04" steps="11358"/></proof>
    </goal>
   </transf>
   </goal>
  </transf>
  </goal>
 </transf>
 </goal>
 <goal name="TesteDivr" proved="true">
 <proof prover="0"><result status="timeout" time="1.00" steps="1490030"/></proof>
 <proof prover="1"><result status="timeout" time="1.00"/></proof>
 <proof prover="2"><result status="timeout" time="1.00" steps="97850"/></proof>
 <transf name="split_vc" proved="true" >
  <goal name="TesteDivr.0" proved="true">
  <transf name="assert" proved="true" arg1="(eval_expr_rel s (Evar x) s 4)">
   <goal name="TesteDivr.0.0" expl="asserted formula" proved="true">
   <proof prover="2"><result status="valid" time="0.03" steps="6567"/></proof>
   </goal>
   <goal name="TesteDivr.0.1" proved="true">
   <proof prover="0"><result status="timeout" time="1.00" steps="1504216"/></proof>
   <proof prover="1"><result status="timeout" time="1.00"/></proof>
   <proof prover="2"><result status="timeout" time="1.00" steps="105089"/></proof>
   <transf name="assert" proved="true" arg1="(eval_expr_rel s (Econst 2) s 2)">
    <goal name="TesteDivr.0.1.0" expl="asserted formula" proved="true">
    <proof prover="2"><result status="valid" time="0.05" steps="6402"/></proof>
    </goal>
    <goal name="TesteDivr.0.1.1" proved="true">
    <proof prover="2"><result status="valid" time="0.06" steps="11357"/></proof>
    </goal>
   </transf>
   </goal>
  </transf>
  </goal>
 </transf>
 </goal>
 <goal name="TesteDivFalse">
 <proof prover="0" obsolete="true"><result status="timeout" time="1.00" steps="1409559"/></proof>
 <proof prover="1" obsolete="true"><result status="timeout" time="1.00"/></proof>
 <proof prover="2" obsolete="true"><result status="timeout" time="1.00" steps="90075"/></proof>
 <transf name="split_vc" >
  <goal name="TesteDivFalse.0">
  <proof prover="0"><result status="timeout" time="1.00" steps="1471890"/></proof>
  <proof prover="1"><result status="timeout" time="1.00"/></proof>
  <proof prover="2"><result status="timeout" time="1.00" steps="99676"/></proof>
  <transf name="assert" arg1="(eval_expr_rel s (Evar x) s 8)">
   <goal name="TesteDivFalse.0.0" expl="asserted formula" proved="true">
   <proof prover="2"><result status="valid" time="0.03" steps="6568"/></proof>
   </goal>
   <goal name="TesteDivFalse.0.1">
   <proof prover="0" obsolete="true"><result status="timeout" time="1.00" steps="1541211"/></proof>
   <proof prover="1" obsolete="true"><result status="timeout" time="1.00"/></proof>
   <proof prover="2" obsolete="true"><result status="timeout" time="1.00" steps="106888"/></proof>
   <transf name="assert" arg1="(eval_expr_rel s (Econst 2) s 2)">
    <goal name="TesteDivFalse.0.1.0" expl="asserted formula" proved="true">
    <proof prover="2"><result status="valid" time="0.04" steps="6403"/></proof>
    </goal>
    <goal name="TesteDivFalse.0.1.1">
    <proof prover="0" obsolete="true"><result status="timeout" time="1.00" steps="1527109"/></proof>
    <proof prover="1" obsolete="true"><result status="timeout" time="1.00"/></proof>
    <proof prover="2" obsolete="true"><result status="timeout" time="1.00" steps="102683"/></proof>
    </goal>
   </transf>
   </goal>
  </transf>
  </goal>
 </transf>
 </goal>
 <goal name="TestIncr" proved="true">
 <proof prover="0"><result status="valid" time="0.02" steps="26050"/></proof>
 <proof prover="1"><result status="timeout" time="1.00"/></proof>
 <proof prover="2"><result status="timeout" time="1.00" steps="78526"/></proof>
 </goal>
 <goal name="TestIncrv2" proved="true">
 <proof prover="0"><result status="valid" time="0.04" steps="26050"/></proof>
 <proof prover="1"><result status="timeout" time="1.00"/></proof>
 <proof prover="2"><result status="timeout" time="1.00" steps="75852"/></proof>
 </goal>
 <goal name="IncrFalse">
 <proof prover="0"><result status="timeout" time="1.00" steps="1493449"/></proof>
 <proof prover="1"><result status="timeout" time="1.00"/></proof>
 <proof prover="2"><result status="timeout" time="1.00" steps="96856"/></proof>
 </goal>
 <goal name="TestBothIncsr" proved="true">
 <proof prover="0" obsolete="true"><result status="timeout" time="1.00" steps="1382057"/></proof>
 <proof prover="1" obsolete="true"><result status="timeout" time="1.00"/></proof>
 <proof prover="2" obsolete="true"><result status="timeout" time="1.00" steps="96285"/></proof>
 <transf name="split_vc" proved="true" >
  <goal name="TestBothIncsr.0" proved="true">
  <transf name="assert" proved="true" arg1="(eval_expr_rel s (Eincaf x) s1 1)">
   <goal name="TestBothIncsr.0.0" expl="asserted formula" proved="true">
   <proof prover="0"><result status="valid" time="0.02" steps="26050"/></proof>
   <proof prover="1"><result status="timeout" time="1.00"/></proof>
   <proof prover="2"><result status="timeout" time="1.00" steps="81191"/></proof>
   </goal>
   <goal name="TestBothIncsr.0.1" proved="true">
   <transf name="assert" proved="true" arg1="(eval_expr_rel s1 (Eincbf x) s2 3)">
    <goal name="TestBothIncsr.0.1.0" expl="asserted formula" proved="true">
    <proof prover="2"><result status="valid" time="0.04" steps="7434"/></proof>
    </goal>
    <goal name="TestBothIncsr.0.1.1" proved="true">
    <proof prover="2"><result status="valid" time="0.07" steps="12243"/></proof>
    </goal>
   </transf>
   </goal>
  </transf>
  </goal>
 </transf>
 </goal>
 <goal name="no_side_effects">
 <proof prover="0" obsolete="true"><result status="timeout" time="1.00" steps="2814929"/></proof>
 <proof prover="1" obsolete="true"><result status="timeout" time="1.00"/></proof>
 <proof prover="2" obsolete="true"><result status="timeout" time="1.00" steps="63449"/></proof>
 <transf name="induction_pr" >
  <goal name="no_side_effects.0" proved="true">
  <proof prover="0" obsolete="true"><result status="unknown" time="0.03" steps="24279"/></proof>
  <proof prover="1" obsolete="true"><result status="timeout" time="1.00"/></proof>
  <proof prover="2"><result status="valid" time="0.06" steps="6065"/></proof>
  </goal>
  <goal name="no_side_effects.1" proved="true">
  <proof prover="0" obsolete="true"><result status="unknown" time="0.03" steps="26658"/></proof>
  <proof prover="1" obsolete="true"><result status="timeout" time="1.00"/></proof>
  <proof prover="2"><result status="valid" time="0.06" steps="6036"/></proof>
  </goal>
  <goal name="no_side_effects.2">
  <proof prover="0"><result status="timeout" time="1.00" steps="1464141"/></proof>
  <proof prover="1"><result status="timeout" time="1.00"/></proof>
  <proof prover="2"><result status="unknown" time="0.06" steps="12242"/></proof>
  </goal>
  <goal name="no_side_effects.3">
  <proof prover="0"><result status="timeout" time="1.00" steps="1426730"/></proof>
  <proof prover="1"><result status="timeout" time="1.00"/></proof>
  <proof prover="2"><result status="unknown" time="0.07" steps="12246"/></proof>
  </goal>
  <goal name="no_side_effects.4" proved="true">
  <proof prover="2"><result status="valid" time="0.02" steps="6600"/></proof>
  </goal>
 </transf>
 </goal>
 <goal name="expr_eval" proved="true">
 <proof prover="0"><result status="valid" time="0.05" steps="35280"/></proof>
 <proof prover="1"><result status="timeout" time="1.00"/></proof>
 <proof prover="2"><result status="unknown" time="0.08" steps="12274"/></proof>
 <transf name="split_all_full" >
  <goal name="expr_eval.0">
  <proof prover="0" obsolete="true"><result status="valid" time="0.02" steps="36963"/></proof>
  <proof prover="1" obsolete="true"><result status="timeout" time="1.00"/></proof>
  <proof prover="2" obsolete="true"><result status="timeout" time="1.00" steps="61895"/></proof>
  <transf name="induction_pr" >
   <goal name="expr_eval.0.0">
   <proof prover="2" obsolete="true"><result status="valid" time="0.03" steps="7069"/></proof>
   </goal>
   <goal name="expr_eval.0.1">
   <proof prover="2" obsolete="true"><result status="valid" time="0.04" steps="7081"/></proof>
   </goal>
   <goal name="expr_eval.0.2">
   <proof prover="2" obsolete="true"><result status="valid" time="0.03" steps="7212"/></proof>
   </goal>
   <goal name="expr_eval.0.3">
   <proof prover="2" obsolete="true"><result status="valid" time="0.04" steps="7236"/></proof>
   </goal>
   <goal name="expr_eval.0.4">
   <proof prover="0" obsolete="true"><result status="timeout" time="1.00" steps="1841834"/></proof>
   <proof prover="1" obsolete="true"><result status="timeout" time="1.00"/></proof>
   <proof prover="2" obsolete="true"><result status="valid" time="0.03" steps="7982"/></proof>
   </goal>
  </transf>
  </goal>
  <goal name="expr_eval.1">
  <proof prover="0" obsolete="true"><result status="timeout" time="1.00" steps="7316350"/></proof>
  <proof prover="1" obsolete="true"><result status="timeout" time="1.00"/></proof>
  <proof prover="2" obsolete="true"><result status="unknown" time="0.07" steps="12279"/></proof>
  <transf name="induction_ty_lex" >
   <goal name="expr_eval.1.0">
   <proof prover="0" obsolete="true"><result status="timeout" time="1.00" steps="7784853"/></proof>
   <proof prover="1" obsolete="true"><result status="timeout" time="1.00"/></proof>
   <proof prover="2" obsolete="true"><result status="valid" time="0.05" steps="9975"/></proof>
   </goal>
  </transf>
  </goal>
 </transf>
 </goal>
 <goal name="Test55r2" proved="true">
 <proof prover="2"><result status="valid" time="0.06" steps="7230"/></proof>
 </goal>
</theory>
<theory name="Programs" proved="true">
 <goal name="Assign42" proved="true">
 <proof prover="2"><result status="valid" time="0.06" steps="10664"/></proof>
 </goal>
 <goal name="If42" proved="true">
 <proof prover="2"><result status="valid" time="0.05" steps="10504"/></proof>
 </goal>
 <goal name="big_step_determinism" proved="true">
 <proof prover="2"><result status="valid" time="0.05" steps="10837"/></proof>
 </goal>
</theory>
</file>
</why3session>
